Prompt Gate ROI Calculator,,,,,
,,,,,
INPUT VARIABLES,,,,,
Team Size (developers),10,,,,
Hourly Cost per Developer,$75,,,,
Hours Saved per Dev per Week,2,,,,
,,,,,
CALCULATIONS,,,,,
Weekly Savings per Developer,=B5*B6,$150,,,
Monthly Savings per Developer,=C8*4,$600,,,
Total Monthly Savings,=C9*B4,"$6,000",,,
,,,,,
PROMPT GATE COSTS,,,,,
Monthly Subscription,"$1,000",(Team tier),,,
,,,,,
NET ROI,,,,,
Monthly Net Benefit,=C10-B13,"$5,000",,,
Annual Net Benefit,=C15*12,"$60,000",,,
ROI Percentage,=(C15/B13)*100,500%,,,
Payback Period (days),=30/(C10/B13),5,,,
,,,,,
FORMULA REFERENCE,,,,,
Weekly Savings,team_size * hourly_cost * hrs_saved,,,,
Monthly Savings,weekly_savings * 4,,,,
Annual ROI,(monthly_savings - subscription) * 12,,,,
